Year,Month,Day,Time,End Year,End Month,End Day,End Time,Display Date,Headline,Text,Media,Media Credit,Media Caption,Media Thumbnail,Type,Group,Background,Candidato,Tema
2017,12,14,,,,,,,Inicio de Precampaña,José Antonio Meade,,,,https://i.imgur.com/jWQQQY1.png,,Campaña,,Meade,
2017,12,14,8:00,,,,,,"Spot ""Visión""","Primer spot de Meade con los mensajes ""el México que tú quiere es posible"", ""convertir al país en una potencia mundial"" y cierra con Meade18.",https://www.youtube.com/watch?v=6h0kUokutdQ,,"Spot ""Visión""",https://i.imgur.com/jWQQQY1.png,,Campaña,,Meade,
2017,12,14,16:00,,,,,,"Spot ""Mujeres""",Spot donde aparece Meade cercano a las mujeres y buscando su apoyo.,https://www.youtube.com/watch?v=XgWh0y7wwZU,,"Spot ""Mujeres""",https://i.imgur.com/jWQQQY1.png,,Campaña,,Meade,
2017,12,14,,,,,,,Equipo de Campaña,Aurelio Nuño inicia la precampaña como Coordinador de Campaña y Alejandra Sota como su Asesora Política.,http://www.politicayestilo.com/wp-content/uploads/2017/03/alejandra_sota_mirafuentes.jpg,,Alejandra Sota,https://i.imgur.com/6pKqN8a.png,,Actores,,Meade,
2017,12,15,,,,,,,Acompaña a M. Arriola en la CDMX,Meade acompañó a Mikel Arriola en su registro como precandidato por la CDMX.,https://i0.wp.com/noticieros.televisa.com/wp-content/uploads/2017/12/mikel-arreola-y-jose-antonio-meade.jpg?resize=1045%2C602&quality=100,,Mikel Arriola y José Meade,https://i.imgur.com/JIQnSEx.png,,Entorno,,Meade,
2017,12,16,,,,,,,"Spot ""Navidad""",Meade aparece dando un mensaje navideño.,https://www.youtube.com/watch?v=Vc5GFb8HTJg,,"Spot ""Navidad""",https://i.imgur.com/jWQQQY1.png,,Campaña,,Meade,
2017,12,16,08:00,,,,,,Posicionamiento sobre violencia de género,"En gira por Puebla, propone un alto total a la discriminación y violencia de género y generar mayor inclusión y protección efectiva para las mexicanas.",https://twitter.com/JoseAMeadeK/status/942154872006283264,,Twitter,https://seeklogo.com/images/P/pri-logo-DFDD8E1515-seeklogo.com.png,,Propuestas,,Meade,Mujeres
2017,12,18,,,,,,,Impulso a la región sureste,"En conferencia de prensa en Campeche, Meade aseguró que uno de sus objetivos es impulsar el desarrollo del sureste del país. Por esa razón inició su proselitismo en esa parte de México.",,,Twitter,https://i.imgur.com/jWQQQY1.png,,Campaña,,Meade,
2017,12,18,08:00,,,,,,Apoyo a la Ley de Seguridad Interior,"En Campeche, aseveró que la Ley de Seguridad Interior es un esfuerzo para regular la participación de las Fuerzas Armadas frente a los ciudadanos.",https://www.youtube.com/watch?v=Z7sc8NelLGY,,Ley de Seguridad Interior abre debate para fortalecerse: Meade,https://i.imgur.com/jWQQQY1.png,,Campaña,,Meade,
2017,12,18,,,,,,,Jaime González Aguadé,Presentó su renuncia a la Presidencia de la Comisión Nacional Bancaria de Valores para unirse a la precampaña.,http://www.cnbv.gob.mx/CNBV/PublishingImages/Jaime_Gonzalez.jpg,,Jaime González Aguadé,https://i.imgur.com/6pKqN8a.png,,Actores,,Meade,
2017,12,19,,,,,,,Declaración de AMLO,AMLO pidió a Meade que explique por qué ordenó el gasolinazo,http://lopezobrador.org.mx/wp-content/uploads/2017/12/Huautla-de-Jim%C3%A9nez.03-1024x683.jpg,,"<a href=""http://lopezobrador.org.mx/2017/12/19/inicia-amlo-precampana-por-municipios-de-oaxaca/""> Leer nota completa</a>",https://i.imgur.com/JIQnSEx.png,,Entorno,,Meade,
2017,12,19,08:00,,,,,,Columna de Raymudo Riva Palacio,"En su columna ""2018, el dilema de Meade (I)"", Riva Palacio hace una analogía entre el inicio de campaña de Meade y Colosio. Comenta que ambos son herederos del legado del presidente anterior, Peña Nieto debe pensar cómo reconciliar a Osorio Chong, no debe haber contracampaña al interior del partido como lo hicieron Manuel Camacho y Jorge Carpizo. El problema de Meade lo está teniendo con la integración de su viejo equipo y el que está llegando con Nuño.",http://snn.imer.gob.mx/antenaradio/files/2011/01/raymundo-riva-palacio-4.jpg,,"Raymundo Riva Palacio  <br><a href=""http://www.elfinanciero.com.mx/opinion/2018-el-dilema-de-meade-i.html""> Leer columna </a>",https://i.imgur.com/JIQnSEx.png,,Entorno,,Meade,
2017,12,20,,,,,,,Registro como precandidato por el PANAL,,http://redfm921.com/wp-content/uploads/2017/12/Noticia_Nacional_20171220_MeadeSeRegistraPANAL-696x464.jpeg,,,https://i.imgur.com/jWQQQY1.png,,Campaña,,Meade,
2017,12,20,08:00,,,,,,Crítica a propuestas de Anaya y AMLO,"Meade aseguró que las propuestas de Anaya de crear una renta básica y de AMLO de becar a los""ninis"" le dan tranquilidad, pues están fuera de la realidad y no tienen lógica. También acusó que las alianzas PAN-PRD-MC y MORENA-PT-PES carecen de un ideal común.",http://redfm921.com/wp-content/uploads/2017/12/Noticias_Nacional_20171220_Meade-1-1-696x464.jpg,,"Criticó las propuestas de sus contrincantes<a href=""http://redfm921.com/noticias/propuestas-de-anaya-y-amlo-estan-fuera-de-logica-meade.html""> Leer nota </a>",https://i.imgur.com/jWQQQY1.png,,Campaña,,Meade,
2017,12,20,,,,,,,Columna de Raymudo Riva Palacio,"En su columna ""2018, el dilema de Meade (II)"", Riva Palacio continúa comparando a Meade con Colosio respecto al discurso de continuidad, pero acaba diciendo que un rompimiento no sería benéfico, pues perdería su núcleo duro de votos. No le queda más camino que admitir que es el candidato de la continuidad.",http://snn.imer.gob.mx/antenaradio/files/2011/01/raymundo-riva-palacio-4.jpg,,"Raymundo Riva Palacio <a href=""http://www.elfinanciero.com.mx/opinion/2018-el-dilema-de-meade-ii.html""> Leer columna </a>",https://i.imgur.com/JIQnSEx.png,,Entorno,,Meade,
2017,12,21,,,,,,,Columna de Raymudo Riva Palacio,"En su columna ""2018, el dilema de Meade (II)"", Riva Palacio habla sobre el futuro político de Osorio Chong. Dice que Osorio no se quiere ver como Miguel Camacho, pero parece indicar que ordenó provocar una ruptura dentro del PES, quien esa semana postuló a AMLO como su precandidato. Osorio Chong está en déficit tras el destape; dentro del gobierno han detectado lo que hace y no hace.",http://snn.imer.gob.mx/antenaradio/files/2011/01/raymundo-riva-palacio-4.jpg,,"Raymundo Riva Palacio <a href=""http://www.elfinanciero.com.mx/opinion/2018-el-dilema-de-meade-iii.html""> Leer columna </a>",https://i.imgur.com/JIQnSEx.png,,Entorno,,Meade,
2017,12,22,,,,,,,Visita Sonora,"Publicó en Twitter que visitó Sonora, la tierra de Colosio, en donde sus ideas siguen vigentes en la militancia.",https://twitter.com/JoseAMeadeK/status/944270395275862016,,Twiiter,https://i.imgur.com/jWQQQY1.png,,Campaña,,Meade,
2017,12,22,,,,,,,Columna de Raymudo Riva Palacio,"En su columna ""2018, el dilema de Meade (IV)"", Riva Palacio detalla que a una semana de precampaña, ya hay rompimientos al interior del equipo de Meade. Principalmente a raíz del quiebre con Osorio Chong y que el equipo de Nuño no está funcionando íntegralmente.",http://snn.imer.gob.mx/antenaradio/files/2011/01/raymundo-riva-palacio-4.jpg,,"Raymundo Riva Palacio <a href=""http://www.elfinanciero.com.mx/opinion/2018-el-dilema-de-meade-y-iv.html""> Leer columna </a>",https://i.imgur.com/JIQnSEx.png,,Entorno,,Meade,
2017,12,22,,,,,,,Declaración de Aurelio Nuño,"Nuño dijo que AMLO está preocupado más preocupado por la campaña del PRI que por la suya. Calificó al tabasqueño de autoritario y de tener poca estabilidad emocional. A su vez, reiteró que AMLO busca un pacto con Elba Esther Gordillo.",https://i2.sdpnoticias.com/sdpnoticias/2017/12/22/2018_nuno-meade_620x350.jpg,,Aurelio Nuño y José Antonio Meade,https://i.imgur.com/6pKqN8a.png,,Actores,,Meade,
2017,12,25,,,,,,,Spot Fiestas,,https://www.youtube.com/watch?v=A-rbfGzJ0qA&index=7&list=PLsczVK0feV9GDcQVYBiVXaQDqZoGe7Fde,,Spot con bloopers,https://i.imgur.com/jWQQQY1.png,,Campaña,,Meade,
2017,12,27,,,,,,,Vincula Meade inseguridad con Frente,"Meade vinculó el aumento de inseguridad con gobiernos de los partidos que integran el Frente. En cambio, destacó que cuatro de los cinco estados con menor crecimiento de la violencia, son gobernados por el PRI.",http://www.elfinanciero.com.mx/files/article_main/uploads/2017/12/24/5a40193b65e09.jpg,,"Declaración durante un encuentro con militantes priistas en Guadalajara <a href=""http://www.elfinanciero.com.mx/nacional/estados-mas-violentos-son-gobernados-por-el-frente-meade.html""> Leer nota </a>",https://i.imgur.com/jWQQQY1.png,,Campaña,,Meade,
2017,12,27,,,,,,,Reforma Educativa,Durante gira por Jalisco declaró que no se permitirá revertir la Reforma Educativa.,https://twitter.com/JoseAMeadeK/status/946145149226291201,,Twitter,https://seeklogo.com/images/P/pri-logo-DFDD8E1515-seeklogo.com.png,,Propuestas,,Meade,Educación
2017,12,27,,,,,,,Artículo de Proceso,"Artículo de Proceso que detalla su gira por Jalisco. Dice que no logró ""prender"" a los priístas de la entidad, pues la mayoría no respondía a las indicaciones del animador. Durante su discurso, tocó los temas de apoyos federales que ha dado a Jalisco por medio de la Financiera Rural y de SEDESOL, así como defensa a la reforma educativa y la ley de seguridad interior.",https://cdn.proceso.com.mx/media/2017/12/jose-antonio-meade-1078x777.jpg,,"Encuentro con militancia <a href=""http://www.proceso.com.mx/516517/meade-no-logra-prender-priistas-de-jalisco""> Leer nota </a>",https://i.imgur.com/JIQnSEx.png,,Entorno,,Meade,
2017,12,27,08:00,,,,,,Artículo de Reuters,"Artículo de Reuters que dice que un reto para Meade es quitarse la imagen de corrupción del PRI, pues por eso el partido lo escogió a él ya que era un ciudadano no militante. ",https://pbs.twimg.com/media/DPqHu9_U8AARyqA.jpg,,"<a href=""https://mx.reuters.com/article/topNews/idMXL1N1OR03C""> Leer nota </a>",https://i.imgur.com/JIQnSEx.png,,Entorno,,Meade,
2017,12,29,,,,,,,Meade evade tema LGBT en NL,Integrantes del Movimiento por la Igualdad en NL acusaron a Meade de evadir el tema LGBT durante su visita a la entidad. Se publicó un vídeo donde Meade rechaza tomarse una foto con la bandera de arcoirís.,https://www.youtube.com/watch?v=i2g8jsabNa4,Excélsior,"<a href=""http://www.proceso.com.mx/516677/meade-evade-tema-lgbt-en-nl-no-estamos-en-tu-agenda-no-estas-en-la-nuestra-le-dicen-video"">Leer nota</a>",https://i.imgur.com/JIQnSEx.png,,Entorno,,Meade,
2017,12,29,08:00,,,,,,Declaración de AMLO,"AMLO dijo que hay un plan para que Aurelio Nuño sustituya a Meade como el abanderado, pues éste no levanta en las encuestas. AMLO aseguró que, según sus encuestas és se encuentra 17% por encima de los demás precandidatos.",http://cdn2.excelsior.com.mx/media/styles/imagen_portada_grande/public/pictures/2017/12/29/1829258.jpg,,"AMLO aseguró que Nuño quiere quedarse con la candidatura.<a href= ""http://www.excelsior.com.mx/nacional/2017/12/29/1210641""> Leer nota </a>",https://i.imgur.com/JIQnSEx.png,,Entorno,,Meade,
2017,12,29,16:00,,,,,,Artículo de Financial Times,"El diario británico Financial Times aseguró que Meade podría demostrar ser imparable y el 30% del voto le sería suficiente para ganar la elección. El artículo fue firmado por Jude Webber y señala que Meade tendrá que presentarse como independiente y no como ""clon"" de un gobierno impopular.",https://aristeguinoticias.com/wp-content/uploads/2017/12/Jose-Antonio-Meade-600x274.jpg,,"El diaro publicó sus predicciones sobre diversos asuntos para 2018 <a href=""https://aristeguinoticias.com/3012/mexico/sera-jose-antonio-meade-el-proximo-presidente-de-mexico-si-opina-el-financial-times/""> Leer nota </a>",https://i.imgur.com/JIQnSEx.png,,Entorno,,Meade,
2017,12,29,,,,,,,Declaración de Enrique Ochoa,Enrique Ochoa aseguró que Meade ganará la Presidencia con el 40% de los votos. El dirigente nacional del PRI dijo que Meade es el candidato más preparado.,http://www.eluniversal.com.mx/sites/default/files/styles/f03-651x400/public/2017/12/29/meade.jpg,El Universal,"<a href=""http://www.eluniversal.com.mx/elecciones-2018/meade-ganara-presidencia-con-mayoria-de-40-ochoa-reza""> Leer nota </a>",https://i.imgur.com/6pKqN8a.png,,Actores,,Meade,
2018,1,3,,,,,,,"Negó ser el ""padre de los gasolinazos""","En entrevista mientras estaba en Aguascalientes negó ser el ""padre de los gasolinazos"" y destacó los resultados del ex gobernador priísta Carlos Lozano en generación de empleos, inversiones y seguridad pública.",https://www.youtube.com/watch?v=UX2ZjaKzD6I,Milenio,,https://i.imgur.com/jWQQQY1.png,,Campaña,,Meade,
2018,1,3,,,,,,,Declaración de Ricardo Anaya,Culpa Anaya a Meade de los gasolinazos,http://www.eluniversal.com.mx/sites/default/files/styles/f03-651x400/public/2018/01/03/dspl2civqaapa9y.jpg?itok=tJVU9TbV,El Universal,"""Los dinosaurios estarán en los museos, ya no en el gobierno"" publicó Anaya en Twitter <a href=""http://www.eluniversal.com.mx/elecciones-2018/meade-debe-asumir-que-es-autor-del-gasolinazo-anaya""> Leer nota </a>",https://i.imgur.com/JIQnSEx.png,,Entorno,,Meade,
2018,1,4,,,,,,,Columna de Guadalupe Loeza,"Guadalupe Loeza dedica una columna a Juana Cuevas. La percibe como una mujer sencilla en cuanto a su manera de vestir, sin ambiciones de poder y cuya relación con Meade es verdadera y no ficticia. Destaca su interés por el arte y la historia y asegura que resultaría una espléndida primera dama.",https://pbs.twimg.com/profile_images/564816857249488896/FzLuIJxw.jpeg,Twitter,,https://i.imgur.com/JIQnSEx.png,,Entorno,,Meade,
2018,1,7,,,,,,,Líder de la CNC Ismael Hernández Deras,Reunión con la CNC por Aniversario de la Ley Agraria,https://twitter.com/JoseAMeadeK/status/949804182919409664,,Twitter,https://i.imgur.com/6pKqN8a.png,,Actores,,Meade,
2018,1,7,,,,,,,Apoyo al campo,"Promete apoyo a campesinos con créditos, capacitación y retiro digno.",,,,https://seeklogo.com/images/P/pri-logo-DFDD8E1515-seeklogo.com.png,,Propuestas,,Meade,Campo
2018,1,8,,,,,,,Pepe Yunes,Gira en Veracruz,https://twitter.com/JuanaCuevasR/status/950172233145749505,,Twitter,https://i.imgur.com/6pKqN8a.png,,Actores,,Meade,
2018,1,8,,,,,,,Javier Duartre,Duele a los priístas que Javier Duarte haya traicionado con corrupción a la polación.,http://www.animalpolitico.com/wp-content/uploads/2018/01/meade-duarte-960x500.jpg,CuartoOscuro,"""Nos duele que Javier Duarte haya lastimado nuestro prestigio, nos duele porque no nos define y no nos describe"", dijo Meade <a href=""http://www.animalpolitico.com/2018/01/meade-javier-duarte-pri-veracruz/""> Leer Nota </a>",https://i.imgur.com/jWQQQY1.png,,Campaña,,Meade,
2018,1,9,,,,,,,Meade acusa a Javier Corral,"Meade se lanzó contra Javier Corral ante la acusación de retención de recursos por parte de Hacienda y comentó que es un gobernador que tortura, engaña y que tiene grandes problemas de inseguridad.",http://www.animalpolitico.com/wp-content/uploads/2018/01/meade-corral-chihuahua-960x500.jpg,Campaña Meade,"José Antonio Meade <a href=""http://www.animalpolitico.com/2018/01/meade-corral-tortura-chihuahua/""> Leer nota </a>",https://i.imgur.com/jWQQQY1.png,,Campaña,,Meade,
2018,1,9,,,,,,,Implica AMLO a Meade en caso Chihuahua,"AMLO insta a Meade a aclarar su participación en el desvío de recursos federales que alega Corral. AMLO señaló que Meade fue ""tapadera"" para entregar regursos al PRI.",http://www.elfinanciero.com.mx/files/article_main/uploads/2018/01/08/5a5404fbce769.jpg,CuartoOscuro,"Gira en Veracruz <a href=""http://www.elfinanciero.com.mx/nacional/meade-sirvio-de-tapadera-y-debe-aclarar-desvio-en-chihuahua-amlo.html""> Leer nota </a>",https://i.imgur.com/JIQnSEx.png,,Entorno,,Meade,
2018,1,9,,,,,,,Salvador Jara,"El Subsecretario de Educación Superior, Salvador Jara, renunció para integrarse a la campaña de Meade.",https://twitter.com/revistaproceso/status/950905058870390785,Twitter Proceso,,https://i.imgur.com/6pKqN8a.png,,Actores,,Meade,
2018,1,10,,,,,,,Miguel Osorio Chong,"Agradece apoyo a Osorio, le desea éxito y reconoce trabajo en SEGOB.",https://twitter.com/JoseAMeadeK/status/951193160620871680,Twitter José Antonio Meade,,https://i.imgur.com/jWQQQY1.png,,Campaña,,Meade,
2018,1,10,,,,,,,Javier Lozano,Se integra Javier Lozano al equipo de Meade como Vicecoordinador de Mensaje,http://www.elfinanciero.com.mx/files/article_main/uploads/2018/01/10/5a5650ea553d3.jpg,El Financiero,"Javier Lozano se une a la precampaña de Meade <a href=""http://www.elfinanciero.com.mx/nacional/javier-lozano-se-integra-a-la-precampana-de-meade-sera-vocero.html""> <br> <b> Leer nota</b> </a>",https://i.imgur.com/6pKqN8a.png,,Actores,,Meade,
2018,1,11,,,,,,,MC denuncia a Meade,"El grupo parlamentario de MC en Diputados denunció ante la PGR a Meade y a Rosario Robles por su complicidad en los desvíos de recursos públicos en la llamada ""Estafa Maestra"" cuando estuvieron al frente de SEDESOL.",http://www.elfinanciero.com.mx/files/article_main/uploads/2015/08/23/55da85982162d.jpg,El Financiero,"Los diputados federales acudieron a la PGR para interponer la denuncia por al menos 8 delitos <a href=""http://www.elfinanciero.com.mx/nacional/mc-denuncia-a-meade-y-robles-por-presunto-desvio-de-recursos.html""> <br> Leer nota <a/>",https://i.imgur.com/JIQnSEx.png,,Entorno,,Meade,
2018,1,12,,,,,,,Críticas a Anaya y AMLO,Meade consideró que el perfil de sus adversarios no es el necesario para ser Presidente; Anaya podría ser un buen guía de turistas por su capacidad de hablar varios idiomas y AMLO es un nini que anda suelto.,https://aristeguinoticias.com/wp-content/uploads/2018/01/Meade_Coahuila-4-600x274.jpg,CuartoOscuro,"Durante un evento con priistas en Coahuila, el ex secretario de Hacienda criticó al precandidato de Morena por tardar 14 años en terminar su carrera. <a href=""https://aristeguinoticias.com/1201/mexico/meade-llama-nini-a-lopez-obrador-y-guia-de-turistas-a-ricardo-anaya/""> Leer nota </a>",https://i.imgur.com/jWQQQY1.png,,Campaña,,Meade,
2018,1,12,08:00,,,,,,Críticas a AMLO,Dirige a AMLO mensaje respecto a que defenderá el Seguro Popular y que no se dialogará con el narcotráfico,http://www.elfinanciero.com.mx/files/article_main/uploads/2018/01/11/5a57ba0be8ade.jpg,El Financiero,"“el Seguro Popular es el servicio que tiene más alcance. (...) El que no conoce al Seguro Popular dice que no es seguro ni es popular.""dijo Meade <a href=""http://www.elfinanciero.com.mx/nacional/critica-meade-propuesta-de-amlo-de-desaparecer-seguro-popular.html"">Leer nota</a>",https://i.imgur.com/jWQQQY1.png,,Campaña,,Meade,
2018,1,12,,,,,,,Defensa del Seguro Popular,Asegura que protegerá a las 53 millones de personas que hoy tienen acceso a la salud gracias al Seguro Popular.,http://www.elfinanciero.com.mx/files/article_main/uploads/2018/01/11/5a57ba0be8ade.jpg,El Financiero,"José Antonio Meade planteó seis puntos centrales en su estrategia de salud <a href=""http://www.elfinanciero.com.mx/nacional/critica-meade-propuesta-de-amlo-de-desaparecer-seguro-popular.html"">Leer nota</a>",https://seeklogo.com/images/P/pri-logo-DFDD8E1515-seeklogo.com.png,,Propuestas,,Meade,Salud
2018,1,12,08:00,,,,,,Propuestas en materia de seguridad,"En materia de seguridad: primero, se atacará al crimen organizado en el tema de dinero y armas; segundo, habrá coordinación entre los niveles de gobierno; tercero, la cárcel será para delincuentes y la calle para ciudadanos; cuarto, cero tolerancia a quien le falta respeto a la mujer.",https://twitter.com/JoseAMeadeK/status/951937790538932225,Twitter,,https://seeklogo.com/images/P/pri-logo-DFDD8E1515-seeklogo.com.png,,Propuestas,,Meade,Seguridad
2018,1,13,,,,,,,CROC Confederación Rev. De Obreros y Campesinos,Juega Jai Alai con M. Arriola y compañeros de la CROC,https://twitter.com/MikelArriolaP/status/952647446856978432,Twitter,,https://i.imgur.com/6pKqN8a.png,,Actores,,Meade,
2018,1,14,,,,,,,Columna en Excélsior sobre Seguro Popular,"Critica la propuesta de cancelar el Seguro Popular, pues se perjudica a 53 millones de mexicanos y defiende los avances recientes en el tema. Propone fortalecer el Seguro Popular para que quienes hoy tienen acceso a la salud se puedan atender en cualquier clínica. Se mejorará la infraestructura en recursos humanos, insumos y equipo con énfasis en unidades de atención ambulatoria en zonas rurales. Se transitará de un sistema curativo a uno preventivo.Linea de atención especializada para las mujeres en temas de cánceres y embarazos adolescentes. Creación de una plataforma de información de salud que ayude a un seguimiento de pacientes. Atención a grupos específicos como primera infancia, embarazo, lactancia y tercera edad.",https://twitter.com/JoseAMeadeK/status/952563201463304192,Twitter,"<a href=""http://www.excelsior.com.mx/opinion/columnista-invitado-nacional/2018/01/14/1213512""> Leer columna </a>",https://i.imgur.com/JIQnSEx.png,,Entorno,,Meade,
2018,1,14,08:00,,,,,,Niegan que J.J. Rendón esté en equipo de campaña,Meade y Nuño rechazaron que J.J. Rendón haya sido contratado para orquestar una campaña sucia contra AMLO,https://twitter.com/JJRENDON/status/951578753662111745,Twitter,"J.J. Rendón promete hacer todo lo que esté a su alcance para que AMLO no gane la Presidencia <a href=""https://aristeguinoticias.com/1401/mexico/pri-se-desmarca-del-publicista-jj-rendon-amlo-pide-evitar-violencia-politica/""> Leer nota </a>",https://i.imgur.com/JIQnSEx.png,,Entorno,,Meade,
2018,1,14,,,,,,,AMLO es peor que un nini,"Meade aseguró que AMLO es peor que un nini, ya que además de no trabajar ni estudiar, se dedica a destruír y confontar. También acusó a Anaya de actuar con deslealtad y dividir al PAN.",http://www.nacion321.com/files/uploads/article_images_repository/NWE1YmQwNGNm.jpg,Nación321,"Meade y Mikel están haciendo campaña política por primera vez <a href=""http://www.nacion321.com/elecciones/meade-amlo-es-peor-que-un-nini-ricardo-anaya-un-traidor""> <br> Leer nota </a>",https://i.imgur.com/jWQQQY1.png,,Campaña,,Meade,
2018,1,14,,,,,,,Apoyo del Sindicato de Ferrocarrileros,"Los integrantes del Sindicato de Trabajadores Ferrocarrileros de la República Mexicana se pronunciaron a favor del precandidato José Antonio Meade, de la alianza integrada por PRI, PVEM y Panal y apoyan la precandidatura al Senado de su dirigente nacional, Víctor Flores Morales.",http://gq8ne3sd6ka12wvdz3ubnadf.wpengine.netdna-cdn.com/wp-content/uploads/2018/01/Meade.jpg,Twitter,"<a href=""http://www.24-horas.mx/2018/01/14/ferrocarrileros-dan-apoyo-al-precandidato-jose-antonio-meade/""> Leer nota </a>",https://i.imgur.com/6pKqN8a.png,,Actores,,Meade,
2018,1,15,,,,,,,Miguel Osorio Chong,"Abrazo con Osorio Chong/Tercer Foro ""Equidad e Inclusión""",https://twitter.com/i/web/status/953094849074515968,,,https://i.imgur.com/6pKqN8a.png,,Actores,,Meade,
2018,1,15,,,,,,,Rechaza propuesta de AMLO para descentralizar secretarías,Meade se opuso a la descentralización de las secretarías de AMLO durante el regsitro de Mikel Arriola como precandidato.,http://www.milenio.com/politica/Arriola-Antonio-Meade-PRI-Presidencia_MILIMA20171215_0182_8.jpg,Milenio,"""Con Mikel la Ciudad de México seguirá siendo la sede de los poderes federales"" dijo Meade <a href=""http://www.milenio.com/elecciones-mexico-2018/jose-antonio-meade-mikel-arriola-precampana-2018-cdmx-registro-pri_0_1085291597.html""> Leer nota </a>",https://i.imgur.com/jWQQQY1.png,,Campaña,,Meade,
2018,1,15,,,,,,,A Meade le dicen la Semana Santa,"Anaya comentó que es cuestión de que Meade sea relevado como precandidato. Le dicen Semana Santa, porque no se sabe si va a caer en marzo o en abril.",https://www.youtube.com/watch?v=imbiRSuz7vU,Imagen Noticias,Anaya aseguró que su campaña es la única que ha crecido en el 2018,https://i.imgur.com/JIQnSEx.png,,Entorno,,Meade,
2018,1,15,08:00,,,,,,Declinará Zavala por Meade,AMLO advirtió que en algún momento Margarita Zavala declinará por Meade,http://www.elfinanciero.com.mx/files/article_main/uploads/2018/01/14/5a5c1fad09c6d.jpg,El Financiero,"La integración de Javier Lozano inicia el acomodo ""PRIAN"" <a href=""http://www.elfinanciero.com.mx/nacional/margarita-declinara-por-meade-advierte-amlo.html""> <br> Leer nota </a>",https://i.imgur.com/jWQQQY1.png,,Campaña,,Meade,
2018,1,16,,,,,,,Nombramientos del Sistema Nacional Anticorrupción,"Hace un llamado a los partidos, coaliciones y otros precandidatos a avanzar en los nombramientos faltantes del Sistema Nacional Anticorrupción. Propone un acuerdo basado en seis puntos. 1. El Senado debe nombrar a los magistrados de la sección y salas especializadas en materia de responsabilidades administrativas por actos de corrupción. 2. Avanzar hacia la autonomía del ministerio público federal. Para ello se requiere aprobar la ley orgánica de la Fiscalía General de la República. 3. Crear marcos homologados de funcionamiento del ministerio público a nivel local. 4. Nombrar al Fiscal General y al Fiscal Anticorrupción en un acuerdo con sentido de Estado. Una vez que el poder revisor de la Constitución ha eliminado el pase directo, es momento de activar el mecanismo constitucional para el nombramiento de los titulares de ambos órganos. 5. Aprobar la nueva legislación en materia de contrataciones públicas que reduzca los espacios de oportunidad de la corrupción. 6. Aprobar el nombramiento del nuevo titular de la Auditoría Superior de la Federación.",https://twitter.com/JoseAMeadeK/status/953486404494880769,Twitter,"<a href= ""http://pri.org.mx/Somospri/SaladePrensa/Nota.aspx?y=26853""> Leer nota </a>",https://i.imgur.com/jWQQQY1.png,,Campaña,,Meade,
2018,1,16,,,,,,,Columna en Healdo de México sobre Desarrollo Social,"Reitera importancia de dar apoyos sociales a la par de fortalecer los derechos de los mexicanos para asegurar acceso a ingresos justos, seguridad social, salud, educación, alimentación y vivienda. Desestima propuestas demagógicas. Enfatiza tener un padrón único de benficiarios para ser más efectivos en la selección y entrega de programas sociales, ventanillas únicas de atención, transparentar las entregas sociales y depósitos bancarios, atender mejor a los receptores de los programas sociales, dar piso mínimo a los mexicanos en servicios básicos.",https://twitter.com/JoseAMeadeK/status/953357047596240896,Twitter,"<a href=""https://heraldodemexico.com.mx/opinion/jose-antonio-meade-cero-carencias-inclusion-y-equidad-para-el-desarrollo/""> Leer columna </a>",https://i.imgur.com/JIQnSEx.png,,Entorno,,Meade,
2018,1,16,08:00,,,,,,Cambio de nombre de coalición,"Se cambió el nombre de coalición de ""Meade Ciudadano por México"" a ""Todos por México""",http://www.animalpolitico.com/wp-content/uploads/2017/12/meade-san-juan-chamula-chiapas-960x500.jpg,CuartoOscuro,"La coalición electoral integrada por el PVEM, Nueva Alianza y PRI <a href=""http://www.animalpolitico.com/2018/01/nombre-coalicion-antonio-meade/""> <br> Leer nota </a>",https://i.imgur.com/jWQQQY1.png,,Campaña,,Meade,
2018,1,16,,,,,,,Declaración de Aurelio Nuño,"Nuño estimó que Meade conseguirá al menos 20 millones de votos y AMLO tendrá 17.5 millones que están proyectando. Al final, Zavala le terminaría dando la vuelta a Ricardo Anaya, por la que la elección terminará siendo entre dos.",http://cdn2.excelsior.com.mx/media/styles/imagen_portada_grande/public/pictures/2018/01/16/1839883.jpg,CuartoOscuro,"Aurelio Nuño afrimó que la campaña de Meade es más exitosa que la de AMLO y Anaya <a href=""http://www.excelsior.com.mx/nacional/2018/01/16/1213956""> <br> Leer nota </a>",https://i.imgur.com/6pKqN8a.png,,Actores,,Meade,
2018,1,17,,,,,,,Nuevo spot,"Cuestiona a sus contrincantes por solo dar “gritos y discursos”, mientras que cuando fue titular de SEDESOL, 2 millones de mexicanos salieron de la pobreza extrema.",https://www.youtube.com/watch?v=VQOLMZ8ioWU&list=PLsczVK0feV9GDcQVYBiVXaQDqZoGe7Fde&index=1,Youtube,"José Antonio Meade, experiencia y soluciones reales para tu familia",https://i.imgur.com/jWQQQY1.png,,Campaña,,Meade,
2018,1,17,,,,,,,Artículo de Reuters,"Artículo de Reuters donde cita la encuesta reciente de Mitofsky que pone a Meade en tercer lugar. Titulado ""El Precandidato de la izquierda lidera la carrera presidencial, el PRI batalla"".",https://cdn.proceso.com.mx/media/2017/07/d3b0e36849948dc735-170611amlo16-c-702x468.jpg,Proceso,"El veterano AMLO encabeza las intenciones de voto. <a href=""https://mx.reuters.com/article/topNews/idMXL1N1PC0PQ""> <br> Leer nota </a>",https://i.imgur.com/JIQnSEx.png,,Entorno,,Meade,
2018,1,17,,,,,,,Declaración de Javier Lozano,"Javier Lozano afirmó que es real la injerencia rusa en el proceso electoral a favor de AMLO, a quien le llamó ""Andrés Manuelovich"". La declaración se da tras la reciente publicación de un artículo en el Washington Post sobre que Putin estaría trabajando para impulsar la campaña de AMLO. También dijo que Javier Corral debe ponerse a gobernar y no a acusar al gobierno y respaldó la necesidad de consolidar el Sistema Nacional Anticorrupción.",http://www.elfinanciero.com.mx/files/article_main/uploads/2016/07/08/577f36d090ce1.jpg,El Fianciero,"Aseguró que el apoyo de Rusia a AMLO es una amenaza real <a href=""http://www.elfinanciero.com.mx/nacional/andres-manuelovich-podria-ser-financiado-por-rusia-dice-lozano.html""> <br> Leer nota </a>",https://i.imgur.com/6pKqN8a.png,,Actores,,Meade,
2018,1,18,,,,,,,Mikel Arriola,Pacto para Transformar la Gran Ciudad de México/Recibió repudios por las calles del Centro Histórico antes y después de la reunión con Arriola,http://www.eluniversal.com.mx/sites/default/files/styles/f03-651x400/public/N-A6-EU190118-5_Drupal%20Main%20Image.var_1516350497.jpg,El Universal,"Los precandidatos subrayaron que la ciudad no ha tenido un buen gobierno <a href=""http://www.eluniversal.com.mx/elecciones-2018/meade-y-mikel-arreola-firman-pacto-por-la-cdmx""> <br> Leer nota </a>",https://i.imgur.com/jWQQQY1.png,,Campaña,,Meade,
2018,1,18,,,,,,,Muro de Trump,"Afirma que, bajo ninguna circunstancia México pagará por el muro.",http://cdn2.excelsior.com.mx/media/styles/imagen_portada_grande/public/pictures/2018/01/18/1841952.jpg,CuartoOscuro,"""El muro no es un tema de números, sino de dignidad y respeto entre nuestros pueblos"" <a href=""http://www.excelsior.com.mx/nacional/2018/01/18/1214611""> Leer nota </a>",https://i.imgur.com/JIQnSEx.png,,Entorno,,Meade,
2018,1,18,08:00,,,,,,Pruebas toxicológica,"Durante su gira en Campeche, lanzó el llamado para que los precandidatos presidenciales se realicen pruebas toxicológicas y demuestren ante los ciudadanos la condición de salud en la que se encuentran.",uevana2.tv/peliculas/peliculas/,El Universal,"Prometió impulsar el desarrollo del sureste del país. <a href=""http://www.eluniversal.com.mx/elecciones-2018/meade-pide-en-campeche-pruebas-toxicologicas-presidenciables""> Leer nota </a>",https://i.imgur.com/jWQQQY1.png,,Campaña,,Meade,
2018,1,18,,,,,,,Propuesta en Política Exterior,"Propuesta en Política Exterior: protección, promoción, cooperación y diálogo político para defender intereses y abrir nuevas oportunidades para los mexicanos.",https://twitter.com/joseameadek/status/953828819957252096,Twitter,,https://seeklogo.com/images/P/pri-logo-DFDD8E1515-seeklogo.com.png,,Propuestas,,Meade,Política Exterior
2018,1,18,,,,,,,Eruviel Ávila,Dejó la dirigencia del PRI en la CDMX para integrarse como Vicecoordinador General de la Campaña.,http://www.elfinanciero.com.mx/files/article_main/uploads/2017/12/18/5a382ce55ec6d.jpg,El Financiero,"""Un honor haber servido a mi partido en la #CDMX, aprendí mucho del priismo capitalino; fue una muy grata experiencia. Gracias a toda la militancia por su apoyo durante esta encomienda"", dijo en Twitter. <a href=""http://www.elfinanciero.com.mx/nacional/eruviel-deja-dirigencia-del-pri-en-la-cdmx.html""> <br> Leer nota </a>",https://i.imgur.com/6pKqN8a.png,,Actores,,Meade,
2018,1,19,,,,,,,Gabriel Mendicuti,"Receta contra la corrupción. Detuvieron a Mendicuti después de reunión con Meade, pues fue Secretario de Gobierno con Roberto Borge",http://www.animalpolitico.com/wp-content/uploads/2018/01/meade-borge-mendicuti-960x500.jpg,CuartoOscuro,"Está acusado de “Desempeño Irregular de la Función Pública, en agravio al patrimonio del Estado y daño por 534 millones de pesos, delito que se sigue en la carpeta de investigación 151/2017”. <a href=""http://www.animalpolitico.com/2018/01/borge-secretario-gobierno-meade/""> <br> Leer nota </a>",https://i.imgur.com/JIQnSEx.png,,Entorno,,Meade,
2018,1,19,,,,,,,Pacto para Transformar la Gran Ciudad de México,"1 millón de cámaras de vigilancia, capacitación a policías y mayores sueldos, construir 100 km. de metro, transporte público seguro, 59 km. de trenes suburbanos, nuevo circuito exterior para que el transporte pesado no pase por la capital, inversiones para abastecimiento de agua.",https://www.youtube.com/watch?v=9JbF6PioO34,Milenio,"Firmaron la ""Alianza por la gran ciudad"" <a href=""http://www.milenio.com/elecciones-mexico-2018/mikel-arriola-firma-convenio-jose-antonio-meade-cdmx-elecciones-milenio_0_1105689616.html""><br> Leer nota </a>",https://seeklogo.com/images/P/pri-logo-DFDD8E1515-seeklogo.com.png,,Propuestas,,Meade,Urbano
2018,1,19,08:00,,,,,,Receta contra la Corrupción (Ley Meade).,"Presentará una iniciativa con tres puntos clave: cárcel con pena máxima para los corruptos, confiscar dinero y propiedades de funcionarios que cometan ese ilícito para devolverlo al erario público y crear una instancia que certifique las declaraciones patrimoniales y de impuestos.",http://www.animalpolitico.com/wp-content/uploads/2017/11/Foro_Ciberseguridad-3-e1511798903159-960x500.jpg,CuartoOscuro,"""Que devuelvan lo robado"" dijo Meade >a href=""http://www.animalpolitico.com/2018/01/propuesta-antonio-meade-corruptos/""><br> Leer nota </a>",https://seeklogo.com/images/P/pri-logo-DFDD8E1515-seeklogo.com.png,,Propuestas,,Meade,Corrupción
2018,1,19,08:00,,,,,,Declaración de Ricardo Anaya,"El tricolor va en picada, pues nadie les cree sobre iniciativa anticorrupción de Meade.",http://www.eluniversal.com.mx/sites/default/files/styles/f03-651x400/public/N-A6-EU200118-1_Drupal%20Main%20Image.var_1516432728.jpg,El Universal,"Durante gira en Oaxaca, declaró que Miguel Ángel Mancera tiene las puertas abiertas a su equipo de campaña <a href=""http://www.eluniversal.com.mx/nacion/politica/el-tricolor-va-en-completa-picada-dice-anaya""> Leer nota </a>",https://i.imgur.com/JIQnSEx.png,,Entorno,,Meade,
2018,1,19,,,,,,,Precampaña de Meade en Cancún,"Se esparció por redes sociales, fotografía donde había a lo mucho 50 personas en mitin realizado en Cancún y se publicaron relatos sobre el ""fracaso de su visita"" a la ciudad.",https://twitter.com/JorgeGCastaneda/status/954791975093497856,Twitter,,https://i.imgur.com/jWQQQY1.png,,Campaña,,Meade,
2018,1,19,,,,,,,Columna de Luis Madrazo Lajous,"Luis Madrazo Lajous, ex titular de la Unidad de Planeación Económica de Hacienda, escribe columna donde argumenta que renunció para sumarse a la campaña de Meade porque le importa el futuro del país y quiere frenar el avance el populismo en el mundo. También critica a Anaya por su ambición en la ruta hacia el poder y elogia a Meade.",http://www.elfinanciero.com.mx/files/article_main/uploads/2018/01/18/5a617893c1b8c.jpg,El Financiero,"La columna se titula ""Con cariño para Hacienda (¿Por qué Meade?) <a href=""http://www.elfinanciero.com.mx/opinion/con-carino-para-hacienda-por-que-meade.html""> Leer nota </a>",https://i.imgur.com/6pKqN8a.png,,Actores,,Meade,
2018,1,20,,,,,,,Reactivación de Veracruz.,Reactivación del sector petrolero en Veracruz y mejora en seguridad pública,http://www.eluniversal.com.mx/sites/default/files/styles/f03-651x400/public/N-A4-EU210118-3_Drupal%20Main%20Image.var_1516519726.jpg,El Universal,"Dijo que el combate al crimen organizado será prioridad <a href=""http://www.eluniversal.com.mx/elecciones-2018/promete-meade-reactivar-vigor-petrolero-en-veracruz""> Leer nota </a>",https://seeklogo.com/images/P/pri-logo-DFDD8E1515-seeklogo.com.png,,Propuestas,,Meade,Desarrollo económico
2018,1,20,,,,,,,Vanessa Rubio,Vanessa Rubio renuncia a la Subsecretaría de Hacienda para ser Coordinadora de la Oficina de Meade,https://twitter.com/VRubioMarquez/status/954362932133056512,Twitter,"<a href=""http://www.elfinanciero.com.mx/nacional/vanessa-rubio-deja-hacienda-y-se-integra-al-equipo-de-meade.html""> Leer nota </a>",https://i.imgur.com/6pKqN8a.png,,Actores,,Meade,
2018,1,21,,,,,,,Ya le recomendaron ponerse a dieta,"En Guerrero, ante militantes del PANAL, Meade comentó que ya le recomendaron ponerse a dieta para bajar de peso y reconoció que es una tarea difícil, pues es consumidor de “comida chatarra”.",http://www.radioformula.com.mx/images/notas/notas_201801/20180122_13_52_meade.jpg,Notimex,"En el marco de un diálogo con militantes de Nueva Alianza en Acapulco <a href=""http://www.radioformula.com.mx/notas.asp?Idn=727444&idFC=2018""> Leer nota </a>",https://i.imgur.com/JIQnSEx.png,,Entorno,,Meade,
2018,1,21,,,,,,,Propuestas para Guerrero,Ofreció aumentar el salario a los maestros ante militantes del PANAL y reiteró cambiar estrategia en seguridad,https://www.youtube.com/watch?v=f2xw9_sW7-g&feature=youtu.be,Excélsior,"<a href=""http://www.excelsior.com.mx/nacional/2018/01/22/1215098""> Leer nota </a>",https://seeklogo.com/images/P/pri-logo-DFDD8E1515-seeklogo.com.png,,Propuestas,,Meade,Educación
2018,1,21,08:00,,,,,,Declaración de Ricardo Anaya,"Anaya afirma que a Meade ya le dicen ""el candidato de acero… pero de a cero votos"" y vuelve a criticar su estrategia de combate a la corrupción, pues está rodeado de corruptos.",http://www.eluniversal.com.mx/sites/default/files/styles/f03-651x400/public/2018/01/21/180121_rac_cancun_02.jpg,El Universal,"Anaya durante gira en Quintana Roo <a href=""http://www.eluniversal.com.mx/elecciones-2018/anaya-llama-meade-candidato-de-acero-de-cero-votos""> Leer nota </a>",https://i.imgur.com/JIQnSEx.png,,Entorno,,Meade,
2018,1,21,16:00,,,,,,Artículo de Huffington Post México,"Artículo que compara el reciente spot de Meade con uno de Trudeau, insinuando una posible copia.",https://youtu.be/M1RK9uan5UE,Huffington Post,"<a href=""http://www.huffingtonpost.com.mx/2018/01/18/video-meade-le-copio-a-trudeau_a_23337192/""> Leer nota </a>",https://i.imgur.com/JIQnSEx.png,,Entorno,,Meade,
2018,1,21,,,,,,,Meade iría a Hermosillo por segunda vez,"Ulises Cristópulos, el Enlace en Sonora con el equipo de Meade, anunció una segunda visita a Hermosillo de Meade el viernes 26.",,Twitter,,https://i.imgur.com/6pKqN8a.png,,Actores,,Meade,
2018,1,22,,,,,,,Agenda de Seguridad,Cinco ejes centrales en seguridad y justicia. 1) Mejorar los salarios y capacitación de policías. 2) Homologar el Código Penal para que los delitos sean castigados de misma forma en todo el país. 3) Creación de un Sistema Integral de Información para identificar a criminales. 4) Reforma a la Ley de Extinción de Dominio para permitir fiscalización de bienes y cuentas de delincuentes. 5) Control sobre la importación de armas.,https://twitter.com/JoseAMeadeK/status/955577517942898689,Twitter,"Durante gira en a su plan de Durango, Meade presenta su plan de seguridad. <a href=""http://www.animalpolitico.com/2018/01/meade-plan-seguridad/""> Leer nota </a>",https://seeklogo.com/images/P/pri-logo-DFDD8E1515-seeklogo.com.png,,Propuestas,,Meade,Seguridad
2018,1,22,,,,,,,Columna de Loret de Mola,El equipo de Meade amenazó con demandar a Animal Político después de que presentaron una nota en la que retomaron las denuncias de la ASF contra SEDESOL cuando Meade era el titular.,https://lideresmexicanos.com/wp-content/uploads/2016/06/Loret-de-Mola-Carlos-1.jpg,Líderes Mexicanos,"<a href=""http://www.eluniversal.com.mx/columna/carlos-loret-de-mola/nacion/amlo-meade-y-anaya-contra-los-periodistas""> Leer nota </a>",https://i.imgur.com/JIQnSEx.png,,Entorno,,Meade,
2018,1,22,,,,,,,Columna de Javier Lozano,"Elogia a Meade, aunque reconoce que tiene el reto de convencer a los ciudadanos de que el PRI es una opción positiva.",https://twitter.com/JLozanoA/status/955792023683923969,Twitter,"<a href=""http://www.eluniversal.com.mx/articulo/javier-lozano/nacion/por-que-meade""> Leer nota </a>",https://i.imgur.com/6pKqN8a.png,,Actores,,Meade,
2018,1,23,,,,,,,Nuevo spot,Spot donde Meade menciona a AMLO y Anaya por su nombre y llama a llevar unas precampañas en paz,https://www.youtube.com/watch?v=z0IFwUtkwZY,Youtube,,https://i.imgur.com/jWQQQY1.png,,Campaña,,Meade,
2018,1,23,,,,,,,Gastos de precampaña por el INE,"De acuerdo con el INE, los gastos de Meade suman 175 mil pesos diarios, pero reporta ingresos por 122 mil pesos. En contraste, Anaya gasta 187 mil 500 pesos diarios y AMLO, 23 mil pesos.",http://www.eluniversal.com.mx/sites/default/files/styles/f03-651x400/public/2018/01/04/meade_0401.jpg,El Universal,"AMLO es quien registra equilibrio en sus gastos, 23 mil pesos diarios <a href=""https://heraldodemexico.com.mx/pais/anaya-en-precampana-ine/""> Leer nota </a>",https://i.imgur.com/JIQnSEx.png,,Entorno,,Meade,
2018,1,23,,,,,,,Julio Di Bella,"Julio Di Bella, ex colaborador panista que ha participado en las campañas de Josefina Vázquez Mota, se suma a la precampaña de Meade.",https://twitter.com/JoseAMeadeK/status/955788641132953600,Twitter,"Laboró en administraciones de Fox y Calderón <a href=""http://www.elfinanciero.com.mx/nacional/julio-di-bella-se-integra-a-equipo-de-meade.html""> Leer nota </a>",https://i.imgur.com/6pKqN8a.png,,Actores,,Meade,
2018,1,24,,,,,,,Presentación de iniciativas anticorrupción,"Presentó ante los grupos parlamentarios del PRI, PVEM y PANAL su propuesta de iniciativas anticorrupción que incluyen: recuperar el dinero, propiedades y bienes de los corruptos; aumentar las penas a funcionarios públicos deshonestos y volver obligatoria la certificación patrimonial de altos funcionarios y legisladores.",https://www.youtube.com/watch?v=QS52ifXA5kE,El Universal,,https://seeklogo.com/images/P/pri-logo-DFDD8E1515-seeklogo.com.png,,Propuestas,,Meade,Corrupción
2017,12,15,,,,,,,Compromiso por una campaña limpia,Anaya firmó un compromiso donde calculará la huella de carbono de su campaña con el fin de realizar un donativo a una asociación civil a favor del medio ambiente.,https://twitter.com/RicardoAnayaC/status/941789358285131777,Twitter,,https://i.imgur.com/izcIi9p.png,,Campaña,,Anaya,
2017,12,24,,,,,,,Spot Navideño,Anaya sale con su familia deseando felices fiestas.,https://www.youtube.com/watch?v=ht4haI_gzbQ&feature=youtu.be,YouTube,,https://i.imgur.com/izcIi9p.png,,Campaña,,Anaya,
2017,12,8,,,,,,,"Coalición ""Por México al Frente""","Los líderes nacionales del PAN, PRD y MC registraron la coalición en el INE.",https://twitter.com/RicardoAnayaC/status/939345340842385408,Twitter,"<a href=""http://www.eluniversal.com.mx/elecciones-2018/pan-prd-y-mc-registran-la-coalicion-por-mexico-al-frente""> Leer nota </a>",https://i.imgur.com/zRCKMBT.png,,Entorno,,Anaya,
2017,12,11,,,,,,,Registo como precandidato,El 9 de diciembre renunció a la dirigencia nacional del PAN y se presentó como precandidato.,https://twitter.com/RicardoAnayaC/status/940337112305545216,Twitter,"<a href=""http://www.elfinanciero.com.mx/nacional/anaya-se-registra-como-precandidato-a-la-presidencia.html""> Leer nota </a>",https://i.imgur.com/izcIi9p.png,,Campaña,,Anaya,
2017,12,12,,,,,,,Anaya y El Universal presumen victoria en la pelea entre ambos,"Despúes de las disputas sobre publicaciones de inmuebles y costos de vida de su familia en Estados Unidos, Anaya celebró la condena para El Universal de publicar la verdad en la primera plana. El Universal publicó que procedía apelación que reducía esta condena.",https://twitter.com/RicardoAnayaC/status/940785310929219584,Twitter,"El Universal publicó que se resolvió reducir aún más la réplica solicitada por Anaya <a href=""http://www.eluniversal.com.mx/nacion/sociedad/procede-apelacion-de-el-universal-en-juicio-vs-anaya""> <br> Leer nota </a>",https://i.imgur.com/zRCKMBT.png,,Entorno,,Anaya,
2017,12,14,,,,,,,Inicio de Precampaña,Inicia su camapaña en Amealco Querétaro,https://twitter.com/RicardoAnayaC/status/941329625149423616,Twitter,"Prometió una campaña austera <a href=""http://www.eluniversal.com.mx/elecciones-2018/cronica-anaya-un-debut-en-solitario""> Leer nota </a>",https://i.imgur.com/izcIi9p.png,,Campaña,,Anaya,
2017,12,16,,,,,,,Compromiso huella de carbono,Anaya se compromete a hacer un donativo económico a Bosque Sustentable AC a partir de las emisiones de carbono generadas por su campaña para la conservación de la Sierra Gorda de Querétaro.,https://twitter.com/RicardoAnayaC/status/942162755959885824,Twitter,,https://i.imgur.com/izcIi9p.png,,Campaña,,Anaya,
2017,12,16,,,,,,,Visita a San Luis Potosí,El precandidadto afirmó que la coalición es sólida y van juntos en las elecciones federales.,https://twitter.com/RicardoAnayaC/status/942228520452927488,Twitter,"<a href=""http://sanluis.eluniversal.com.mx/politica/16-12-2017/avance-en-15-dias-se-define-frente-en-san-luis-ricardo-anaya""> <br> Leer nota </a>",https://i.imgur.com/izcIi9p.png,,Campaña,,Anaya,
2017,12,17,,,,,,,Visita Neza con Juan Zepeda,Zepeda se comprometió a apoyar la candidatura en el oriente de EDOMEX y Anaya manifestó que apoyará la candidatura de Zepeda a senador.,,,"Durante su visita se aventaron un palomazo de canción del TRI <a href=""",https://i.imgur.com/IqLe1Q0.png,,Actores,,Anaya,
2018,1,23,,,,,,,"Propuesta ""Todos por un México con seguridad y justicia ""","Primero propone dar oportunidades a quienes han sido apartados del desarrollo y en segundo lugar poner todo el peso de la ley sobre los delincuentes. Propone 1) Quitarles dinero, bienes y armas. 2) Definir los delitos e investigarlos de la misma forma en todos los estados, tener un nuevo Código Penal. 3)Cuerpos policiacos con autonomía técnica con un sistema integral de información y registro de criminales. 4) Policás y agentes del MP bien entrenados, protegidos y bien pagados.",https://twitter.com/JoseAMeadeK/status/955800763833315329,Twitter,"Publico en Jornada UNAM <a href=""http://www.jornada.unam.mx/2018/01/23/politica/007a1pol""> Leer nota </a>",https://seeklogo.com/images/P/pri-logo-DFDD8E1515-seeklogo.com.png,,Propuestas,,Meade,Seguridad
2018,1,25,,,,,,,Visita Tabasco,Tuvo una entrevista en XEVT y se reunió con simpatizantes en el Parque Tomas Garrido. Rechazó la propuesta de AMLO de construir una refinería.,http://www.eluniversal.com.mx/sites/default/files/styles/f03-651x400/public/2018/01/25/meade_tabasco.jpg,El Universal,"<a href=""http://www.eluniversal.com.mx/elecciones-2018/estamos-cansados-de-la-confrontacion-dice-jose-antonio-meade-en-tabasco""> Leer nota </a>",https://i.imgur.com/jWQQQY1.png,,Campaña,,Meade,
2018,1,26,,,,,,,Visita Sonora,Foro México Potencia Sustentable organizado por Fundación Colosio,https://twitter.com/JoseAMeadeK/status/956999198783631360,Twitter,,https://i.imgur.com/jWQQQY1.png,,Campaña,,Meade,
2018,1,26,,,,,,,Beltrones acompañó a Meade en Sonora,"El ex presidente del CEN del PRI, externó su apoyo y voto de lealtad hacia Meade. No comentó sobre la posible dupla priísta al Senado, que esta encabezada por su hija Sylvana Beltrones.",https://www.siete24.mx/source/2018/01/meade_beltrones.jpg,El Universal,"Indicó que la campaña de Meade es una de las opciones mas serias. <a href=""http://www.eluniversal.com.mx/elecciones-2018/beltrones-arropa-meade-en-sonora-no-sera-la-primera-vez-que-lo-apoye-dice><br> Leer nota</a>",https://i.imgur.com/JIQnSEx.png,,Entorno,,Meade,
2018,1,26,,,,,,,Agenda Sutentable en 5o Foro Puntos de Encuentro,"Prsentó 5 puntos para una política respecto al medio ambiente. 1) Evitar desperdicio de agua y alimentos. 2)Uso de energía limpia en hogares. 3) Políticas que preserven el capital biológico y ecológico, amigable con el turismo y recreación. 4) Ciudades inteligentes y sustentables. 5)Atraer 550 mil millones de pesos para inversiones en energías limpias.",https://twitter.com/JoseAMeadeK/status/957069002194513920,Twitter,"<a href=""https://www.elsoldemexico.com.mx/mexico/politica/meade-presenta-cinco-propuestas-para-mejorar-el-medio-ambiente-750804.html""> Leer nota </a>",https://seeklogo.com/images/P/pri-logo-DFDD8E1515-seeklogo.com.png,,Propuestas,,Meade,Desarrollo sustentable
2018,1,28,,,,,,,"Spots ""Conoce a José Antonio Meade""","Responde preguntas sobre su familia, estudios y experiencia en gobierno.",https://www.youtube.com/watch?v=ovOv0enRrkc&list=PLsczVK0feV9HXkYsA3ROMiHPSyp32-Kfq&index=7,Youtube,"<a href=""https://www.youtube.com/playlist?list=PLsczVK0feV9HXkYsA3ROMiHPSyp32-Kfq""> Ver todos los spots </a>",https://i.imgur.com/jWQQQY1.png,,Campaña,,Meade,
2018,1,28,,,,,,,Visita a Hidalgo,Se reunió con Osorio Chong.,https://cdn.heraldodemexico.com.mx/wp-content/uploads/2018/01/WhatsApp-Image-2018-01-28-at-18.04.22.jpeg,El Heraldo de México,"<a href=""https://heraldodemexico.com.mx/elecciones-2018/jose-antonio-meade-kuribrena/se-reunen-osorio-chong-y-meade-en-hidalgo/""> Leer nota </a>",https://i.imgur.com/JIQnSEx.png,,Entorno,,Meade,
2018,1,28,,,,,,,Reunión con militantes de Nueva Alianza,"Se reunió en Hidalgo con 1500 aliancistas de la quinta circunscripción, junto con Omar Hayad gobernador del estado. Resaltó la importancia de las comunidades indígenas y resolver sus problemas de fondo. Luis Castro, líder de Nueva Alianza lo calificó como ""un tren de alta velocidad que convertirá México en una potencia""",http://www.eluniversal.com.mx/sites/default/files/styles/f03-651x400/public/2018/01/28/meade.jpeg?itok=ZE-U3lts,El Universal,"<a href=""http://www.eluniversal.com.mx/elecciones-2018/en-mexico-el-rostro-de-la-pobreza-es-el-de-una-mujer-indigena-dice-meade-en-hidalgo""> Leer nota </a>",https://i.imgur.com/jWQQQY1.png,,Campaña,,Meade,
2018,1,29,,,,,,,"Columna de Meade ""Hacia un crecimiento sostenido y sotenible""","Presenta su agenda sustentable como el camino para integrar los tres componentes del progreso, el económico, el social y el ambiental, en un concepto de desarrollo que no comprometa las futuras generaciones.",https://twitter.com/JoseAMeadeK/status/957745052155023360,Twitter,"<a href=""http://www.milenio.com/firmas/jose_antonio_meade_kuribrena/crecimiento-pobreza-economia-desarrollo_sostenible-energia_limpia-ciudad_inteligente_18_1111868844.html""> Leer nota </a>",https://seeklogo.com/images/P/pri-logo-DFDD8E1515-seeklogo.com.png,,Propuestas,,Meade,Desarrollo sustentable
2018,1,29,,,,,,,Políticas a favor de maestros,"En su visita a Hidalgo declaró que se requiere una política salarial agresiva para los maestros. Reconoció que la población mexicana tiene tres demandas: seguridad, empleos de calidad y viviendas dignas.",https://twitter.com/JoseAMeadeK/status/957759491705004032,Twitter,"<a href=""http://www.excelsior.com.mx/nacional/2018/01/29/1216598""> Leer nota </a>",https://i.imgur.com/jWQQQY1.png,,Campaña,,Meade,
2018,1,29,,,,,,,"""Resolvido"" y haciendo planas","Meade dijo "" hemos resolvido"" durante su reunión en Hidalgo al responder preguntas de militantes aliancistas. Su respuesta en Twitter fue hacer planas de ""Se dice resuelto…""",https://twitter.com/JoseAMeadeK/status/957806908148105216,Twitter,,https://i.imgur.com/JIQnSEx.png,,Entorno,,Meade,
2018,1,29,,,,,,,"Columna de Meade ""Por un México seguro""","Presentó diez acciones para atacar la inseguridad. 1) Abatir la desigualdad y la pobreza. 2)Incrementar ingreso de los maestros. 3)Oficiales bien entrenados, protegidos y pagados. 4)Mejos tecnología (videovigilancia, denuncia exprés, mejor comunicación). 5) Bases de datos sobre los criminales. 6) Misma legislación a nivel nacional. 7) Mantener las Fuerzas Armadas en lugares conflictivos. 8) Quitar dinero, bienes y armas a criminales. 9)Castigar todo acto de corrupción. 10) Alto total a violencia de género.",,,"<a href=""http://www.excelsior.com.mx/opinion/columnista-invitado-nacional/2018/01/29/1216679""> Leer columna </a>",https://seeklogo.com/images/P/pri-logo-DFDD8E1515-seeklogo.com.png,,Propuestas,,Meade,Seguridad
2018,1,29,,,,,,,Visita Guerrero,Diálogo con mujeres,https://twitter.com/JoseAMeadeK/status/958063054838788096,Twitter,,https://i.imgur.com/jWQQQY1.png,,Campaña,,Meade,
2018,1,29,,,,,,,Propuestas a favor de las mujeres,"En Acapulco, presentó las siguientes acciones: 1) Créditos a la palabra 2)Otorgamiento de becas 3)Guarderías, preescolar y primaria con horario ampliado 4) Salario digno 5) Dignificar el trabajo doméstico",http://wrmx00.epimg.net/radio/imagenes/2018/01/30/nacional/1517269555_757841_1517270578_noticia_normal.jpg,CuartoOscuro,"<a href=""http://wradio.com.mx/radio/2018/01/30/nacional/1517269555_757841.html""> Leer nota </a>",https://seeklogo.com/images/P/pri-logo-DFDD8E1515-seeklogo.com.png,,Propuestas,,Meade,Género
2018,1,29,,,,,,,Meade se reúne con militancia priísta en Guerrero,"Reconoció que la región tiene retos de seguridad muy grandes. Sin embargo, reconoció el trabajo de Héctor Astudillo en temas de seguridad.",http://www.elfinanciero.com.mx/files/article_main//files/crop/uploads/2018/01/21/5a64e891cdc06.r_1517273308800.0-134-702-599.jpg,El Financiero,"<a href=""http://www.elfinanciero.com.mx/nacional/en-guerrero-se-han-vivido-anos-muy-dificiles-dice-meade-a-militancia-priista.html""> Leer nota </a>",https://i.imgur.com/jWQQQY1.png,,Campaña,,Meade,
2018,1,31,,,,,,,Feriberto Galindo se une a la campaña,Suegro de Mikel Arriola se une como consejero polìtico,http://www.elfinanciero.com.mx/files/article_main/uploads/2018/01/31/5a71c26f2543d.jpg,El Financiero,"<a href=""http://www.elfinanciero.com.mx/nacional/suegro-de-mikel-arriola-se-suma-a-la-campana-de-meade.html""> Leer nota </a>",https://i.imgur.com/6pKqN8a.png,,Actores,,Meade,
2018,1,30,,,,,,,Meade y Mikel experimentan el tráfico,Realizaron un recorrido de la Condesa a Santa Fe en hora pico y miden el tiempo. Ambos prometieron instrumentar diferentes medidas para acortar los tiempos de trabajo. El recorrido recibió críticas en redes sociales.,https://twitter.com/JoseAMeadeK/status/958486250205229056,Twitter,"<a href=""https://www.eleconomista.com.mx/politica/Meade-y-Mikel-Arriola-experimentan-el-trafico-20180130-0157.html""> Leer nota </a>",https://i.imgur.com/jWQQQY1.png,,Campaña,,Meade,
2018,1,30,,,,,,,"Columna de Meade ""Es la hora de las mujeres y las niñas""","Presenta 5 acciones a favor de las mujeres. Mismas que propuso en acaulpo, Guerrero. Habla sobre garantizar a las mujeres el ejercicio pleno de sus derechos y libertades, debido a que es una condición indispensable para el crecimiento y desarrollo cultural del país.",https://twitter.com/JoseAMeadeK/status/958177615268818950,Twiiter,"<a href=""https://www.elsoldemexico.com.mx/analisis/es-la-hora-de-las-mujeres-y-las-ninas-756160.html""> Leer nota </a>",https://i.imgur.com/jWQQQY1.png,,Campaña,,Meade,
2018,1,31,,,,,,,Meade visita obras de AICM,"Meade defiende obras del aeropuerto, califico de ocurrencia la amenaza de AMLO de cancelar la obra. Advirtió que cancelalrlo sería incosntitucional y que se perdería la oportunidad de generar casi medio millón de empleos.",https://twitter.com/JoseAMeadeK/status/958887525350690816,Twitter,"<a href=""https://www.eleconomista.com.mx/politica/Meade-defiende-obras-del-nuevo-aeropuerto-20180131-0155.html"">Leer nota </a>",https://i.imgur.com/jWQQQY1.png,,Campaña,,Meade,
2017,12,12,,,,,,,Registro como Precandidato,Se registró como Precandidato a Presidente y tocó los ejes de su plan de gobierno,https://www.youtube.com/watch?v=Ce3RfrKn6Tk&feature=youtu.be,Youtube,"<a href=""https://www.youtube.com/watch?v=Ce3RfrKn6Tk&feature=youtu.be"">Leer nota</a>",https://i.imgur.com/S9RVwJo.png,,Campaña,,AMLO,
2017,12,13,,,,,,,"Firma alianza ""Juntos haremos historia""","Firmó la alianza y explicó porque van en conjunto y las características que los unen. Firman Andrés Manuel López Obrador, Alberto Anaya, presidente del PT y Eric Flores, presidente del PES",http://lopezobrador.org.mx/wp-content/uploads/2017/12/13-dic-2017-Firma-Alianza-06-1024x722.jpg,www.lopezobrador.org.mx,"<a href=""http://lopezobrador.org.mx/2017/12/13/firma-de-alianza-juntos-haremos-historiaentre-morena-pes-y-pt/"">Leer nota</a>",https://i.imgur.com/S9RVwJo.png,,Campaña,,AMLO,
2017,12,13,10:26,,,,,,Debate sobre discurso de AMLO,Wradio invitó a dos personajes a su programa a hablar sobre el primer discurso de Pre campaña de Amlo. Uno en Favor y uno en contra,https://twitter.com/WRADIOMexico/status/940961626425044992,W radio,"<a href=""http://wradio.com.mx/programa/2017/12/13/asi_las_cosas/1513181922_230930.html"">Leer nota</a>",https://i.imgur.com/TNn8sGO.png,,Entorno,,AMLO,
2017,12,13,,,,,,,INE y televisoras deben garantizar elecciones limpias,Amlo habla sobre las campañas mediàticas en su contra.,http://www.animalpolitico.com/wp-content/uploads/2017/12/amlo-lopez-obrador-inseguridad-960x500.jpg,AMLO pagina oficial,"<a href=""http://lopezobrador.org.mx/secciones/comunicados/page/2/"">Leer nota</a>",https://i.imgur.com/TNn8sGO.png,,Entorno,,AMLO,
2017,12,14,11:26,,,,,,Entrevista a Mancera,Mancera criticó la propuesta de AMLO de darle apoyo económico a jovenes que no estudian ni laboral,https://www.eleconomista.com.mx/__export/1512421104237/sites/eleconomista/img/2017/09/17/informe-mancerita-notimex.jpg_73367373.jpg,Notimex,"<a href=""https://www.eleconomista.com.mx/politica/Inviable-propuesta-de-AMLO-de-dar-recursos-a-ninis-Mancera-20171213-0063.html"">Leer nota</a>",https://i.imgur.com/t46Q6PE.png,,Actores,,AMLO,
2017,12,14,12:43,,,,,,AMLO presenta gabinete,Presentó a los que serán sus secretarios,http://lopezobrador.org.mx/wp-content/uploads/2017/12/Gabinete08-770x539.jpg,AMLO pagina oficial,"<a href=""http://lopezobrador.org.mx/2017/12/14/presenta-amlo-gabinete-presidencial-2018-2024-video/"">Leer nota</a>",https://i.imgur.com/S9RVwJo.png,,Campaña,,AMLO,
2017,12,14,,,,,,,La alianza conservadora de AMLO con el PES,"Alianza no sólo busca sumar los votos y ganar, sino que AMLO en realidad tiene parte de ideología conservadora",http://www.excelsior.com.mx/media/opinion/2017/03/02/1631690.jpg,Excelsior,"<a href=""http://www.excelsior.com.mx/opinion/leo-zuckermann/2017/12/14/1207754"">Leer nota</a>",https://i.imgur.com/TNn8sGO.png,,Entorno,,AMLO,
2017,12,14,,,,,,,Ideologías puestas entre PES y MORENA. Sólo van por votos,Yuriria Sierra tiene los mismos puntos que Zuckermann,http://www.excelsior.com.mx/media/opinion/2015/04/28/1204728.jpg,Excelsior,"<a href=""http://www.excelsior.com.mx/opinion/yuriria-sierra/2017/12/14/1207764"">Leer nota</a>",https://i.imgur.com/TNn8sGO.png,,Entorno,,AMLO,
2017,12,14,,,,,,,Los peligrosos pasos de AMLO,"Pablo Hiriart dice que las propuestas de AMLO sobre la guardia nacional, la aministía a narcos y los subsidios a los jóvenes no cumplen con las vialidades del Estado de Derecho Mexicano. En caso, muy probable, de que no tenga los recursos para cumplir con sus propuestas de campaña, alegará que lo estan frenando los mismos actores de siempre",http://www.elfinanciero.com.mx/files/article_main/uploads/2017/12/14/5a329b21330f8.png,El Financiero,"<a href=""http://www.elfinanciero.com.mx/opinion/los-peligrosos-pasos-de-amlo.html"">Leer nota</a>",https://i.imgur.com/TNn8sGO.png,,Entorno,,AMLO,
2017,12,15,,,,,,,Primer acto de campaña en CDMX,,https://www.youtube.com/watch?v=5LGfkUH0jY0#action=share,Twitter,"<a href=""https://www.youtube.com/watch?v=5LGfkUH0jY0#action=share"">Leer nota</a>",https://i.imgur.com/S9RVwJo.png,,Campaña,,AMLO,
2017,12,15,,,,,,,"""Esto soy yo""","presentación del documental autobiográfico ‘Esto Soy’, producido por Epigmenio Ibarra y Verónica Velasco.",https://www.youtube.com/watch?v=TClF8dK7EE0#action=share,Pagina oficial de AMLO,"<a href=""https://www.youtube.com/watch?v=TClF8dK7EE0#action=share"">Leer nota</a>",https://i.imgur.com/S9RVwJo.png,,Campaña,,AMLO,
2017,12,15,,,,,,,Gabinete de AMLO habla,,http://www.animalpolitico.com/wp-content/uploads/2017/12/IMG_20171214_123333-e1513366249157-960x500.jpg,Cuarto oscuro,"<a href=""http://www.animalpolitico.com/2017/12/gabinete-lopez-obrador-propuestas/"">Leer nota</a>",https://i.imgur.com/t46Q6PE.png,,Actores,,AMLO,
2017,12,15,06:44,,,,,,Personajes con pasado priista se cuelan a gabinete de AMLO,,https://www.debate.com.mx/__export/1513345357003/sites/debate/img/2017/12/15/gabinete.jpg_539665225.jpg,Debate - Sinaloa,"<a href=""https://www.debate.com.mx/politica/Personajes-con-pasado-priista-se-cuelan-a-gabinete-de-AMLO-20171215-0019.html"">Leer nota</a>",https://i.imgur.com/TNn8sGO.png,,Entorno,,AMLO,
2017,12,15,,,,,,,AMLO pide tranquilidad ante aprobación de Ley de Seguridad Interior porque no se va a reprimir al pueblo,,https://i0.wp.com/ljz.mx/wp-content/uploads/2017/12/la-jornada-zacatecas-amlo3_lj.jpg?fit=1024%2C683,La jornada Zacatecas,"<a href=""http://ljz.mx/2017/12/15/pide-amlo-tranquilidad-ante-aprobacion-de-ley-de-seguridad-interior/"">Leer nota</a>",https://i.imgur.com/TNn8sGO.png,,Entorno,,AMLO,
2017,12,15,,,,,,,Enfrentamiento entre simpatizantes de AMLO y personal de la delegación Coyoacán,,http://az778189.vo.msecnd.net/media/fotos/g/7f131d7fc35a810070fec16bd9fff9ac.png,twitter,"<a href=""http://www.mvsnoticias.com/#!/noticias/enfrentamiento-entre-simpatizantes-de-amlo-y-personal-de-la-delegacion-coyoacan-606"">Leer nota</a>",https://i.imgur.com/TNn8sGO.png,,Entorno,,AMLO,
2017,12,16,,,,,,,AMLO encabeza encuestas,"En la zona rural y urbana de Sinaloa, AMLO es el más conocido. Margarita va en segundo lugar",https://www.debate.com.mx/export/sites/debate/img/2017/12/16/7.jpg_193478738.jpg,El Debate Sinaloa,"<a href=""https://www.debate.com.mx/politica/AMLO-y-Morena-arrancan-con-ventaja-en-Sinaloa--20171216-0158.html"">Leer nota</a>",https://i.imgur.com/TNn8sGO.png,,Entorno,,AMLO,
2017,12,16,,,,,,,Los Secretarios más jóvenes en el gabinete de AMLO,Dentro del gabinete de AMLO hay dos jóvenes de 30 y 35 años.,http://www.nacion321.com/files/article_main/uploads/2017/12/14/c88d8d0a60977_position1_retina.jpg,Nación 321,"<a href=""http://www.nacion321.com/elecciones/conoce-a-los-2-millennials-que-estan-en-el-gabinete-de-amlo"">Leer nota</a>",https://i.imgur.com/TNn8sGO.png,,Entorno,,AMLO,
2017,12,16,18:39,,,,,,Llamado a defender,,https://youtu.be/Zq7PBhBijrc,Twitter,"<a href=""https://youtu.be/Zq7PBhBijrc"">Leer nota</a>",https://i.imgur.com/S9RVwJo.png,,Campaña,,AMLO,
2017,12,17,15:59,,,,,,"AMLO propone subirle el sueldo a policías, marinos y militares para reducir la inseguridad",acciones básicas contra la inseguridad,http://www.animalpolitico.com/wp-content/uploads/2017/12/amlo-lopez-obrador-inseguridad-960x500.jpg,www.lopezobrador.org.mx,"<a href=""http://www.animalpolitico.com/2017/12/amlo-inseguridad-plan-decalogo/"">Leer nota</a>",https://seeklogo.com/images/M/movimiento-de-regeneracion-nacional-morena-logo-7660423A28-seeklogo.com.png,,Propuestas,,AMLO,Seguridad
2017,12,18,,,,,,,Mover secretarías,"a propuesta contempla, por ejemplo, trasladar a la Secretaría de Turismo a Chetumal, Quintana Roo; Semarnat a Mérida, Yucatán; Pemex a Ciudad del Carmen, Campeche; SENER a Villahermosa, Tabasco; CFE a Tuxtla Gutiérrez, Chiapas; Conagua a Veracruz; Sedesol a Oaxaca, y SEP a Puebla.",https://cdn.forbes.com.mx/2016/09/amlo-3-640x400.jpg,Morena,"<a href=""https://www.forbes.com.mx/30-anos-mover-secretarias-estados-propuesta-amlo/"">Leer nota</a>",https://seeklogo.com/images/M/movimiento-de-regeneracion-nacional-morena-logo-7660423A28-seeklogo.com.png,,Propuestas,,AMLO,Administración pública
2017,12,18,,,,,,,Revisión de fondos para reconstrucción de la ciudad,"AMLO propone dar 3600 pesos a jóvenes para que lo destinen a aprender oficios y se integren a la vida laboral.,",https://abrilveja.files.wordpress.com/2016/05/duvida_carreira-original1.jpeg?quality=70&strip=info&w=1024,Veja,"<a href=""http://www.mvsnoticias.com/#!/noticias/propone-amlo-dar-beca-de-2-mil-400-pesos-mensuales-a-ninis-video-410"">Leer nota</a>",https://seeklogo.com/images/M/movimiento-de-regeneracion-nacional-morena-logo-7660423A28-seeklogo.com.png,,Propuestas,,AMLO,Desarrollo social
2017,12,18,,,,,,,AMLO se registra como candidato al PES,Andrés Manuel negó que las diferencias entre MORENA y PES fueran abismales,http://tiempodigital.mx/wp-content/uploads/2017/12/05.AMLO_PES.jpg,Notimex,"<a href=""http://www.excelsior.com.mx/nacional/2017/12/18/1208594"">Leer nota</a>",https://i.imgur.com/S9RVwJo.png,,Campaña,,AMLO,
2017,12,18,,,,,,,¿quién ofrece más a los jóvenes?,"35 millones de Millenials que comprenden la edad de entre 18 a 34 años, y representan poco más del 40% de la lista nominal de electores, según el último corte del 8 de diciembre de 2017.",http://www.nacion321.com/files/article_main/uploads/2017/12/14/a9b7ba70783b6_position1_retina.jpg,Cuarto oscuro,"<a href=""http://www.nacion321.com/elecciones/amlo-meade-o-anaya-quien-ofrece-mas-a-los-jovenes"">Leer nota</a>",https://i.imgur.com/TNn8sGO.png,,Entorno,,AMLO,
2017,12,18,,,,,,,Anuncia nombramiento de Secretario de SSP,,http://lopezobrador.org.mx/wp-content/uploads/2017/12/Calpulalpan-03-1024x683.jpg,AMLO pagina oficial Boletín 00-007,"<a href=""http://lopezobrador.org.mx/secciones/comunicados/page/3/"">Leer nota</a>",https://seeklogo.com/images/M/movimiento-de-regeneracion-nacional-morena-logo-7660423A28-seeklogo.com.png,,Propuestas,,AMLO,Administración pública
2017,12,19,,,,,,,AMLO toma coctel de pastillas,"Ante la propuesta de Meade de hacer exámenes físicos a las candidatos, Andrés Manuel respondió que hay problemas más importantes que atender",http://lopezobrador.org.mx/wp-content/uploads/2017/12/Huautla-de-Jim%C3%A9nez-04-e1513727984880-683x1024.jpg,El Financiero,"<a href=""http://www.elfinanciero.com.mx/nacional/tomo-un-coctel-de-pastillas-a-diario-lopez-obrador.html"">Leer nota</a>",https://i.imgur.com/TNn8sGO.png,,Entorno,,AMLO,
2017,12,19,,,,,,,El voto es de quien lo trabaja,Confronta decisiones de Meade sobre gasolinazo,https://pbs.twimg.com/media/DRiWsIAV4AAb85K.jpg,Twitter,"<a href=""https://twitter.com/lopezobrador_/status/943669817944526848"">Leer nota</a>",https://i.imgur.com/S9RVwJo.png,,Campaña,,AMLO,
2017,12,20,,,,,,,Condena asesinatos a periodistas,"AMLO tocó el tema de ataque a los peridistas, la mala administración de Yunes y la posición de los Candidatos Independientes en las encuestas.",http://lopezobrador.org.mx/wp-content/uploads/2017/12/Tlalchinol-1024x683.jpg,AMLO pagina oficial Boletín 00-009,"<a href=""http://lopezobrador.org.mx/secciones/comunicados/page/3/"">Leer nota</a>",https://i.imgur.com/S9RVwJo.png,,Campaña,,AMLO,
2017,12,21,,,,,,,Spot pidiendo ayuda sobre levantamiento de censo sobre viviendas destruídad en los temblores pasados.,Programa de rehabilitación de la vivienda,https://youtu.be/SISw48YI0Vg,Youtube,"<a href=""https://youtu.be/SISw48YI0Vg"">Leer nota</a>",https://i.imgur.com/S9RVwJo.png,,Campaña,,AMLO,
2017,12,21,,,,,,,Plan de emergencia ante la reforma fiscal de EU,Anuncio que después de la descentralización la Secretaría de la Urbano estaría en Hidalgo,http://lopezobrador.org.mx/wp-content/uploads/2017/12/Cuautpec-1024x683.jpg,AMLO pagina oficial Boletín 00-011,"<a href=""http://lopezobrador.org.mx/secciones/comunicados/page/3/"">Leer nota</a>",https://seeklogo.com/images/M/movimiento-de-regeneracion-nacional-morena-logo-7660423A28-seeklogo.com.png,,Propuestas,,AMLO,Administración pública
2017,12,22,,,,,,,Informe de los apoyos entregados a los damnificados de los sismos,"Reporta finanzas del ""Donativo obtenidos en el fideicomiso por los demás al 21 de diciembre"". Han entregado 14396 apoyos que equivalen a $34,550,400.",https://www.youtube.com/watch?v=UR2uuyCCaNw&feature=youtu.be,Youtube,"<a href=""https://www.youtube.com/watch?v=UR2uuyCCaNw&feature=youtu.be"">Leer nota</a>",https://i.imgur.com/S9RVwJo.png,,Campaña,,AMLO,